model,mean_fit_time,std_fit_time,mean_score_time,std_score_time,param_model__C,param_model__class_weight,params,split0_test_roc_auc,split1_test_roc_auc,split2_test_roc_auc,split3_test_roc_auc,split4_test_roc_auc,mean_test_roc_auc,std_test_roc_auc,rank_test_roc_auc,split0_test_pr_auc,split1_test_pr_auc,split2_test_pr_auc,split3_test_pr_auc,split4_test_pr_auc,mean_test_pr_auc,std_test_pr_auc,rank_test_pr_auc,split0_test_f1,split1_test_f1,split2_test_f1,split3_test_f1,split4_test_f1,mean_test_f1,std_test_f1,rank_test_f1,param_model__max_depth,param_model__max_features,param_model__min_samples_leaf,param_model__n_estimators,param_model__l2_regularization,param_model__learning_rate,param_model__max_iter,param_model__max_leaf_nodes,param_model__colsample_bytree,param_model__min_child_weight,param_model__reg_alpha,param_model__reg_lambda,param_model__scale_pos_weight,param_model__subsample
logistic_regression,0.9069454669952393,0.13964541036988826,0.1545870780944824,0.029737842814461717,0.49096328454489707,,"{'model__C': np.float64(0.49096328454489707), 'model__class_weight': None}",0.8019347135369236,0.7974723250966346,0.7940369943132375,0.81712158808933,0.8127428638949377,0.8046616969862127,0.008860721852046735,7,0.6334165717621082,0.633392023567286,0.6174628037260219,0.662436798926578,0.6522243357336059,0.63978650674312,0.015795876228538442,8,0.5892857142857143,0.5858585858585859,0.6013712047012733,0.5971943887775552,0.6107317073170732,0.5968883201880403,0.008846286843972132,11,,,,,,,,,,,,,,
logistic_regression,1.0981624126434326,0.165999633579876,0.12361040115356445,0.01827154551673245,63.527405588089174,,"{'model__C': np.float64(63.527405588089174), 'model__class_weight': None}",0.8022888713496447,0.796824722239087,0.7927046863510953,0.8171941729545418,0.8127935044985737,0.8043611914785884,0.009303293046348983,14,0.6355338517905644,0.6312865265681904,0.6138916144690505,0.6627064961305815,0.6533723485987251,0.6393581675114224,0.01714563398049287,13,0.5847373637264618,0.5858585858585859,0.6041055718475073,0.5977933801404213,0.6095423563777994,0.5964074515901551,0.009809965302615286,13,,,,,,,,,,,,,,
logistic_regression,1.3720149040222167,0.32623896462818164,0.09784526824951172,0.02055834214828471,2.6297662518214366,,"{'model__C': np.float64(2.6297662518214366), 'model__class_weight': None}",0.802174191676954,0.7969292831171283,0.7929930719985969,0.8172532536587837,0.8127766242973616,0.804425284949765,0.009233142557731038,9,0.6355656398765062,0.6324131689401756,0.615911245885262,0.663263823236482,0.6531054911706781,0.6400518738218207,0.016555588458109873,6,0.5850746268656717,0.5872855701311807,0.6072477962781586,0.5985985985985987,0.6095423563777994,0.5975497896502818,0.009999568773874127,9,,,,,,,,,,,,,,
logistic_regression,0.9945459365844727,0.2297584361810351,0.06494584083557128,0.012890002968226259,9.691137662566426,balanced,"{'model__C': np.float64(9.691137662566426), 'model__class_weight': 'balanced'}",0.8026716990805388,0.7966965508401972,0.7927923825713881,0.8177377154335681,0.8133387349977211,0.8046474165846826,0.009534741705042017,8,0.6360769564377222,0.6312940888874732,0.6129815848460463,0.663618915616513,0.6501617279831922,0.6388266547541893,0.01717793999114657,15,0.654281098546042,0.6509357200976403,0.6439873417721519,0.6655948553054662,0.6625,0.6554598031442601,0.007819944960868037,1,,,,,,,,,,,,,,
logistic_regression,0.3646822929382324,0.0923851589993506,0.08166136741638183,0.008229296121675835,0.0022589311844128032,,"{'model__C': np.float64(0.0022589311844128032), 'model__class_weight': None}",0.7977961265254083,0.7981401655434804,0.7964351486450933,0.8173309025843589,0.8122786583616076,0.8043962003319898,0.008666221280753549,10,0.62640680209776,0.6383425027247392,0.6276662755950219,0.6590137790549824,0.6619153257689532,0.6426689370482914,0.015138244659122347,1,0.5661914460285132,0.569055036344756,0.592964824120603,0.577639751552795,0.6067864271457086,0.5825274970384753,0.015295079615638696,15,,,,,,,,,,,,,,
logistic_regression,0.2771290302276611,0.030947724371459786,0.061280250549316406,0.006514426444737086,0.02031385515093117,balanced,"{'model__C': np.float64(0.02031385515093117), 'model__class_weight': 'balanced'}",0.8002937823379812,0.7982312346953231,0.7956323909362583,0.8179841663712631,0.813345487078206,0.8050974122838064,0.00887586675392498,2,0.631951233345782,0.6354404627576344,0.6167756631188612,0.6629109156429155,0.6535163222692886,0.6401189194268964,0.0163246571922401,5,0.6482534524776604,0.6432078559738135,0.6523468575974543,0.6645109135004043,0.6604068857589984,0.6537451930616662,0.007790108032296823,2,,,,,,,,,,,,,,
logistic_regression,0.30141148567199705,0.014313793362031662,0.06897225379943847,0.012849406240450988,0.06307658212034051,balanced,"{'model__C': np.float64(0.06307658212034051), 'model__class_weight': 'balanced'}",0.8013006024055749,0.7981620895985535,0.7952023421636681,0.817602673823872,0.8132205735892372,0.8050976563161811,0.008749790787946929,1,0.6326560531055289,0.635773053740351,0.6166813815978319,0.661612470333988,0.6513618680707656,0.639616965369693,0.015562878507600223,9,0.6493927125506073,0.6475878986099755,0.6481334392374901,0.6618357487922706,0.6604068857589984,0.6534713369898684,0.0062898076032662014,3,,,,,,,,,,,,,,
logistic_regression,0.28985114097595216,0.020783492351404722,0.061685800552368164,0.010656573829110488,0.20037321414393286,balanced,"{'model__C': np.float64(0.20037321414393286), 'model__class_weight': 'balanced'}",0.8019313406053739,0.7978467204986541,0.7946205114713403,0.8174017994294493,0.8131817491264496,0.8049964242262535,0.008821172758163628,5,0.6328569358487963,0.6349389795240622,0.6160993516055381,0.6622303940575487,0.6508208800611761,0.6393893082194243,0.01585746152698917,12,0.6483427647534358,0.6476345840130505,0.6455194290245837,0.6612903225806451,0.6614542611415168,0.6528482723026464,0.007021756823509185,7,,,,,,,,,,,,,,
logistic_regression,0.210435152053833,0.013898727660013621,0.05075092315673828,0.008202136151618675,0.0016209791271862544,balanced,"{'model__C': np.float64(0.0016209791271862544), 'model__class_weight': 'balanced'}",0.7973323484373209,0.7978079317858323,0.7963946734664966,0.8170945797673909,0.8122246417177293,0.8041708350349541,0.008713289911797385,15,0.625896573125646,0.6378974757062755,0.6290069447803257,0.6589167567219221,0.6615244751660345,0.6426484451000407,0.01490134175085407,2,0.6524938675388389,0.6440957886044592,0.6543704891740176,0.6590538336052202,0.6572549019607843,0.653453776176664,0.00519890217534164,4,,,,,,,,,,,,,,
logistic_regression,0.1877371311187744,0.0114544441006631,0.05246853828430176,0.006544048775075732,0.008106849519280727,balanced,"{'model__C': np.float64(0.008106849519280727), 'model__class_weight': 'balanced'}",0.7993004539965866,0.7983543466968881,0.7960236509960267,0.8182896980132003,0.8134822167080231,0.805090073282145,0.009008305961660776,3,0.6304352524954292,0.6361049360743413,0.6191236340280991,0.6630251936082272,0.6564248346569609,0.6410227701726114,0.01635348901047623,3,0.6461038961038961,0.6430338004946414,0.6533226581265013,0.6634225466342255,0.6609240407204385,0.6533613884159406,0.007971855261342366,5,,,,,,,,,,,,,,
logistic_regression,0.2291707992553711,0.03019655130866594,0.07890844345092773,0.011994928490635064,0.007308412116130486,balanced,"{'model__C': np.float64(0.007308412116130486), 'model__class_weight': 'balanced'}",0.7991689096661472,0.7983728978204117,0.796094482558571,0.8182981381138064,0.8134349521446296,0.8050738760607132,0.009002110255869802,4,0.6302156061376579,0.6363136353659578,0.6194544303698294,0.6627145446838227,0.6564149288429183,0.6410226290800372,0.01619639254174525,4,0.6466287571080422,0.6430338004946414,0.6544,0.6623376623376623,0.6598746081504702,0.6532549656181633,0.007429737631860406,6,,,,,,,,,,,,,,
logistic_regression,0.8097269058227539,0.16967857122090277,0.10901274681091308,0.01868155028918407,13.108562587515504,,"{'model__C': np.float64(13.108562587515504), 'model__class_weight': None}",0.8022332179790743,0.7968651974176836,0.7928294848184352,0.8172194932563595,0.8128154487601491,0.8043925684463403,0.009279050866248148,11,0.6356461567163084,0.6320131290558544,0.6139237482097537,0.6630382382399151,0.6520286939402012,0.6393299932324067,0.016946517754445747,14,0.5850746268656717,0.5858585858585859,0.6048780487804878,0.5991983967935872,0.6108949416342413,0.5971809199865148,0.01025814775994801,10,,,,,,,,,,,,,,
logistic_regression,0.8323384761810303,0.05324576448534839,0.10193629264831543,0.018992509979041033,6.195233133647732,,"{'model__C': np.float64(6.195233133647732), 'model__class_weight': None}",0.8022230991844251,0.7968432733626104,0.7928446630104088,0.8172296213770869,0.8127648081565132,0.8043810930182088,0.009272930932353275,13,0.6354149820764339,0.6319378329899988,0.6144055780892961,0.6628582131888867,0.6529705547038532,0.6395174322096938,0.016915461568356525,11,0.5833333333333334,0.5858585858585859,0.6052889324191969,0.5965965965965966,0.6095423563777994,0.5961239609171024,0.010327163240097215,14,,,,,,,,,,,,,,
logistic_regression,0.623944091796875,0.0980555303620889,0.0638148307800293,0.009780245095839054,10.994538933220802,,"{'model__C': np.float64(10.994538933220802), 'model__class_weight': None}",0.8022180397871005,0.7968500192257099,0.7928463494761837,0.8172262453368445,0.8127833763778464,0.804384806040737,0.009274075858444067,12,0.6354001952155015,0.631727645801023,0.6143251590224144,0.6630505015412242,0.6531491319838377,0.6395305267128001,0.01704060312704062,10,0.5850746268656717,0.5858585858585859,0.6041055718475073,0.5991983967935872,0.6095423563777994,0.5967559075486303,0.009784482930530906,12,,,,,,,,,,,,,,
logistic_regression,0.3292111396789551,0.08768539691919705,0.04034514427185058,0.01197413429274506,0.1242136266334286,,"{'model__C': np.float64(0.1242136266334286), 'model__class_weight': None}",0.8015670639980033,0.797998502418392,0.7949982798049098,0.8171401563106633,0.8127394878546952,0.8048886980773327,0.008579761672101484,6,0.6330967311594108,0.6348905940628483,0.6172133415883154,0.6620694998397328,0.6518515349406777,0.639824340318197,0.01562280623507738,7,0.5904572564612326,0.5893037336024218,0.6052889324191969,0.602,0.6122448979591837,0.599858964088407,0.008800965238182745,8,,,,,,,,,,,,,,
random_forest,179.58568177223205,3.206515836479148,1.0744050025939942,0.08343942260875291,,balanced_subsample,"{'model__class_weight': 'balanced_subsample', 'model__max_depth': 18, 'model__max_features': 0.8, 'model__min_samples_leaf': 3, 'model__n_estimators': 777}",0.7928750193943565,0.7985466037952225,0.7898528727258008,0.8093313752299927,0.8016998362620483,0.7984611414814842,0.006840547936800176,14,0.614323277427783,0.625606210427053,0.6303336217270428,0.6398318482210454,0.6339971785213874,0.6288184272648624,0.00861206625387614,15,0.6121323529411765,0.6253418413855971,0.625,0.6234967622571693,0.631578947368421,0.6235099807904728,0.00632668447652449,8,18.0,0.8,3.0,777.0,,,,,,,,,,
random_forest,73.10759787559509,1.9841257887485184,0.6031703472137451,0.3393838612475391,,,"{'model__class_weight': None, 'model__max_depth': 8, 'model__max_features': 0.8, 'model__min_samples_leaf': 9, 'model__n_estimators': 485}",0.79938140435378,0.8015754963268775,0.795932581844184,0.8171705406728449,0.8108252730372547,0.8049770592469881,0.007843049780443413,2,0.6222637813006776,0.638506039373078,0.6385241672128639,0.6556017097664322,0.657510948189374,0.6424813291684852,0.01294793525188955,2,0.6028708133971292,0.6073500967117988,0.6138248847926268,0.6164251207729469,0.620754716981132,0.6122451265311267,0.006390933911715816,10,8.0,0.8,9.0,485.0,,,,,,,,,,
random_forest,126.70938878059387,1.9491454881460215,1.0147107124328614,0.05739319141993991,,balanced_subsample,"{'model__class_weight': 'balanced_subsample', 'model__max_depth': 12, 'model__max_features': 0.8, 'model__min_samples_leaf': 6, 'model__n_estimators': 650}",0.7941162582046559,0.7990576029250062,0.7921717631662383,0.8123191708445164,0.8067385763238298,0.8008806742928494,0.0076168269877257295,7,0.614966880816914,0.6332120624592769,0.6334652329670437,0.6494856642093143,0.6515139538657109,0.6365287588636519,0.01324943558229233,5,0.6368330464716007,0.643344709897611,0.6483790523690773,0.6447140381282496,0.6492851135407905,0.6445111920814658,0.004429591776101307,3,12.0,0.8,6.0,650.0,,,,,,,,,,
random_forest,119.06653051376342,1.715677420443784,0.8365557670593262,0.06551525182730795,,balanced_subsample,"{'model__class_weight': 'balanced_subsample', 'model__max_depth': 12, 'model__max_features': 0.6, 'model__min_samples_leaf': 3, 'model__n_estimators': 763}",0.7954654308245468,0.798529739137474,0.7926861352275717,0.8122702182610018,0.8065562701507402,0.8011015587202669,0.0072621261199643326,6,0.6160110206417054,0.630057275906241,0.6345707428433728,0.6374222559234977,0.6476925086357946,0.6331507607901222,0.010344706773951341,8,0.6263157894736842,0.6388888888888888,0.6418289585097375,0.6489832007073386,0.6454935622317597,0.6403020799622817,0.00777506442783073,4,12.0,0.6,3.0,763.0,,,,,,,,,,
random_forest,72.49472050666809,2.5952227826046923,0.5538809299468994,0.061905953796934005,,balanced,"{'model__class_weight': 'balanced', 'model__max_depth': 18, 'model__max_features': 0.6, 'model__min_samples_leaf': 4, 'model__n_estimators': 466}",0.7943709145366604,0.7975111138094563,0.7911902400852677,0.8090055873466012,0.8034047365844601,0.7990965184724891,0.006389123064902445,11,0.6157267123030172,0.6316272119261163,0.6311112623119475,0.6412909762200136,0.6414203904692608,0.632235310646071,0.009386563357357072,9,0.64,0.6398687448728466,0.6531932093775262,0.6532663316582915,0.6480263157894737,0.6468709203396277,0.005974070150914704,2,18.0,0.6,4.0,466.0,,,,,,,,,,
random_forest,88.055176115036,2.200932172184215,0.6879261493682861,0.060953142218802076,,,"{'model__class_weight': None, 'model__max_depth': 18, 'model__max_features': 0.6, 'model__min_samples_leaf': 4, 'model__n_estimators': 561}",0.7953929127962276,0.796253010341408,0.7907433266549287,0.809132188855691,0.8039128306409411,0.7990868538578393,0.006564893341983427,12,0.6163036530995571,0.630175900913688,0.6282273206227444,0.6452773589383621,0.6410948734258808,0.6322158214000465,0.010224557122991711,10,0.597678916827853,0.6061776061776062,0.6022514071294559,0.6164251207729469,0.6182846371347785,0.608163537608528,0.007993933892237745,13,18.0,0.6,4.0,561.0,,,,,,,,,,
random_forest,70.9868320465088,0.9026600289059178,0.48272089958190917,0.02543379443741996,,balanced_subsample,"{'model__class_weight': 'balanced_subsample', 'model__max_depth': 8, 'model__max_features': 0.8, 'model__min_samples_leaf': 1, 'model__n_estimators': 488}",0.7977320408259635,0.8008300784543879,0.7951770451770453,0.8151516686078899,0.8089920831856315,0.8035765832501836,0.007423805562822342,3,0.6216059381706406,0.6356666305376397,0.6400031323245686,0.6419765707466254,0.6580255577170607,0.6394555658993071,0.01170012933064064,3,0.6433224755700325,0.648910411622276,0.6462530217566479,0.658312447786132,0.6477732793522267,0.648914327217463,0.005059209965765795,1,8.0,0.8,1.0,488.0,,,,,,,,,,
random_forest,44.45379343032837,0.6290916385265418,0.5026969909667969,0.08311928759125382,,,"{'model__class_weight': None, 'model__max_depth': 12, 'model__max_features': 0.4, 'model__min_samples_leaf': 2, 'model__n_estimators': 454}",0.7955261435924419,0.7989800254993624,0.7931650915076329,0.8105990783410139,0.8044732533211796,0.8005487184523261,0.0063026456427631794,8,0.6153224243592185,0.6328572444559631,0.6347117307758569,0.6373908363363798,0.6391638372744962,0.6318892146403828,0.008562128182100118,11,0.6009756097560975,0.6017526777020448,0.6119402985074627,0.6140519730510106,0.6146527117031398,0.608674654143951,0.006041625712779191,12,12.0,0.4,2.0,454.0,,,,,,,,,,
random_forest,147.93399081230163,1.6348900192493978,0.8506487369537353,0.23916801506323743,,balanced_subsample,"{'model__class_weight': 'balanced_subsample', 'model__max_depth': 18, 'model__max_features': 0.8, 'model__min_samples_leaf': 4, 'model__n_estimators': 747}",0.7933860185241399,0.7968921808700814,0.7896606156274665,0.8103728836447731,0.8029236508499182,0.7986470699032757,0.007311614186722619,13,0.6138614038746124,0.6271911500688648,0.6308010330518071,0.6451454100795995,0.6417001245944055,0.6317398243338579,0.011136669118048958,12,0.6178861788617886,0.6239855725879171,0.6350877192982456,0.6400725294650952,0.6374012291483757,0.6308866458722845,0.008498308367425988,6,18.0,0.8,4.0,747.0,,,,,,,,,,
random_forest,57.65100412368774,1.0551856700914675,0.7571328639984131,0.11370313573043651,,balanced_subsample,"{'model__class_weight': 'balanced_subsample', 'model__max_depth': 18, 'model__max_features': 0.4, 'model__min_samples_leaf': 3, 'model__n_estimators': 530}",0.7950387549835063,0.796428402781994,0.7907635642442273,0.8103982039465911,0.8040326800695464,0.7993323212051731,0.006997687950527371,10,0.616212445884358,0.6269094670179761,0.634008555478739,0.637505615313272,0.6373570324489397,0.6303986232286569,0.008066997519825002,13,0.6103542234332425,0.6317722681359045,0.6353149955634427,0.6302131603336423,0.6333630686886709,0.6282035432309806,0.009083678030552312,7,18.0,0.4,3.0,530.0,,,,,,,,,,
random_forest,28.66998643875122,1.0527958699343702,0.9236418247222901,0.15627030056782504,,,"{'model__class_weight': None, 'model__max_depth': 24, 'model__max_features': 'sqrt', 'model__min_samples_leaf': 4, 'model__n_estimators': 655}",0.7973357213688705,0.798033918199664,0.7964199704531196,0.8127614321162708,0.8030721966205837,0.8015246477517017,0.0060737180989293696,5,0.6179416559790125,0.634372367980057,0.6344040589113357,0.6470527637269647,0.6414259148004523,0.6350393522795644,0.00978048996669543,6,0.587426326129666,0.5883514313919053,0.6189591078066915,0.6089494163424124,0.6106870229007634,0.6028746609142878,0.012698191434463182,14,24.0,sqrt,4.0,655.0,,,,,,,,,,
random_forest,17.56035122871399,0.36349044662757046,0.5520310878753663,0.04832690799363813,,,"{'model__class_weight': None, 'model__max_depth': 24, 'model__max_features': 'sqrt', 'model__min_samples_leaf': 7, 'model__n_estimators': 435}",0.798777649606379,0.799727129837627,0.7983341091075898,0.8134518323458415,0.8055873466011714,0.8031756134997217,0.005763530533967678,4,0.6195485146251346,0.6366760483851996,0.6371101640918636,0.6457348036991857,0.6452107546956032,0.6368560570993974,0.009468696986455069,4,0.6001936108422071,0.5899705014749262,0.6178403755868545,0.5964912280701754,0.6097794822627037,0.6028550396473734,0.00986002863833976,15,24.0,sqrt,7.0,435.0,,,,,,,,,,
random_forest,81.02012376785278,2.5281678136482246,0.454937219619751,0.07928716239020381,,balanced_subsample,"{'model__class_weight': 'balanced_subsample', 'model__max_depth': 18, 'model__max_features': 0.8, 'model__min_samples_leaf': 3, 'model__n_estimators': 381}",0.7925596502944569,0.7970861244341907,0.7896808532167647,0.8093246231495078,0.8013689843182932,0.7980040470826426,0.006917193644684012,15,0.6143515745655024,0.6236895095932933,0.6319558254143994,0.6434861475698292,0.6315588432498878,0.6290083800785824,0.009673782910671,14,0.6069469835466179,0.6227106227106227,0.6162162162162163,0.6281453867660765,0.6358792184724689,0.6219796855424005,0.009909055094866061,9,18.0,0.8,3.0,381.0,,,,,,,,,,
random_forest,91.3912139892578,0.9598740589685022,0.41892199516296386,0.08975660008829522,,balanced_subsample,"{'model__class_weight': 'balanced_subsample', 'model__max_depth': 24, 'model__max_features': 0.6, 'model__min_samples_leaf': 6, 'model__n_estimators': 688}",0.7951466887930978,0.7981604031327789,0.7922645187838557,0.8108826657213755,0.8058219813980182,0.8004552515658251,0.006900261250291785,9,0.6146295017419972,0.6290006713872752,0.6358415777017589,0.6459502416001277,0.646666736067785,0.6344177456997888,0.011882616019520313,7,0.6279683377308707,0.6357267950963222,0.6423109600679694,0.6360424028268551,0.640207075064711,0.6364511141573457,0.004921264377968388,5,24.0,0.6,6.0,688.0,,,,,,,,,,
random_forest,24.126840782165527,1.990117914254101,0.610239839553833,0.23176050468934473,,,"{'model__class_weight': None, 'model__max_depth': 8, 'model__max_features': 'sqrt', 'model__min_samples_leaf': 4, 'model__n_estimators': 770}",0.8015535722718043,0.8037442913133521,0.8009666821821517,0.818100639759626,0.8090224675478133,0.8066775306149495,0.006379009068427656,1,0.623091901254537,0.6421084718565384,0.6470428473556074,0.6471821864910616,0.6580129259133888,0.6434876665742266,0.01144693293174431,1,0.6023391812865497,0.6074950690335306,0.6325581395348837,0.6041055718475073,0.6121673003802282,0.6117330524165399,0.010938524604105179,11,8.0,sqrt,4.0,770.0,,,,,,,,,,
hist_gradient_boosting,49.101865673065184,1.4493576261853252,2.071588897705078,0.09983304004526666,,balanced,"{'model__class_weight': 'balanced', 'model__l2_regularization': np.float64(14.171081620866158), 'model__learning_rate': np.float64(0.18265106950666518), 'model__max_iter': 546, 'model__max_leaf_nodes': 63, 'model__min_samples_leaf': 39}",0.7643197808943666,0.7642708733868955,0.7684263250561594,0.7830016373795176,0.7744433753650345,0.7708923984163947,0.007104484755152929,15,0.5745759535970069,0.5886183196637853,0.6054938227881459,0.6176766137722868,0.5934103073796524,0.5959550034401755,0.014698187704919105,15,0.5762081784386617,0.5874769797421732,0.5989010989010989,0.5910780669144982,0.5863970588235294,0.5880122765639922,0.007351159445302701,9,,,39.0,,14.171081620866158,0.18265106950666518,546.0,63.0,,,,,,
hist_gradient_boosting,25.488859605789184,1.5125260591315846,2.1590548515319825,0.34835720077642024,,,"{'model__class_weight': None, 'model__l2_regularization': np.float64(2.685984398346464), 'model__learning_rate': np.float64(0.02334795559511837), 'model__max_iter': 385, 'model__max_leaf_nodes': 63, 'model__min_samples_leaf': 29}",0.78906192027739,0.782349786493433,0.7840801003784429,0.8026434395097991,0.7953073040630645,0.7906885101444259,0.007484714820916389,5,0.5974803114210687,0.6094062549570943,0.619007012357792,0.6361332756068782,0.6289781408404872,0.6182009990366641,0.013748144635640187,5,0.5853658536585366,0.5669291338582677,0.5977011494252874,0.5980392156862745,0.5888030888030888,0.587367688286291,0.01135309772518072,11,,,29.0,,2.685984398346464,0.02334795559511837,385.0,63.0,,,,,,
hist_gradient_boosting,29.406377267837524,1.4230779486600402,1.6432272911071777,0.378571446920517,,balanced,"{'model__class_weight': 'balanced', 'model__l2_regularization': np.float64(0.03533925440695197), 'model__learning_rate': np.float64(0.08809395925511972), 'model__max_iter': 506, 'model__max_leaf_nodes': 31, 'model__min_samples_leaf': 41}",0.7753593858566232,0.7754386497480421,0.7784742881427964,0.7956972367110615,0.7789267568069412,0.7807792634530929,0.007605101525790034,11,0.5867396784030794,0.6005786985233095,0.6118957361918227,0.6294799711818337,0.6061802922976667,0.6069748753195424,0.014012136493273378,11,0.5962059620596206,0.5889908256880734,0.6100178890876565,0.6155251141552511,0.6023029229406555,0.6026085427862513,0.009468525660963968,5,,,41.0,,0.03533925440695197,0.08809395925511972,506.0,31.0,,,,,,
hist_gradient_boosting,16.76446490287781,1.7938568216519675,0.9564445495605469,0.09134799601002826,,,"{'model__class_weight': None, 'model__l2_regularization': np.float64(0.0027616824992087877), 'model__learning_rate': np.float64(0.02977108080173651), 'model__max_iter': 263, 'model__max_leaf_nodes': 63, 'model__min_samples_leaf': 13}",0.787921869413582,0.7898309486707277,0.7878459784537133,0.8063840920983778,0.7987795614523725,0.7941524900177546,0.0073251664875872,3,0.6056902046788412,0.624506254988917,0.627972381463999,0.649128423946283,0.6511682053332888,0.6316930940822658,0.01688144129850862,2,0.5859375,0.5782178217821782,0.574468085106383,0.6007751937984496,0.6107899807321773,0.5900377162838376,0.013746890540898268,8,,,13.0,,0.0027616824992087877,0.02977108080173651,263.0,63.0,,,,,,
hist_gradient_boosting,29.516723442077637,1.2946938023117323,1.9425129890441895,0.4161711394349296,,balanced,"{'model__class_weight': 'balanced', 'model__l2_regularization': np.float64(0.0016355894763397801), 'model__learning_rate': np.float64(0.09030197333094739), 'model__max_iter': 461, 'model__max_leaf_nodes': 63, 'model__min_samples_leaf': 41}",0.7759091736992288,0.7743913545018517,0.7721196851031105,0.7883256528417819,0.7803497577691126,0.7782191247830171,0.005724899476282984,13,0.5887843699196282,0.6005058571208324,0.6081454423120524,0.6307834266771096,0.6141491304978877,0.6084736453055021,0.014008557441787958,8,0.5778611632270169,0.578544061302682,0.587360594795539,0.6059479553903345,0.5885608856088561,0.5876549320648856,0.010143647891489166,10,,,41.0,,0.0016355894763397801,0.09030197333094739,461.0,63.0,,,,,,
hist_gradient_boosting,18.688152456283568,1.482416833086037,0.5935901641845703,0.12836889827729678,,balanced,"{'model__class_weight': 'balanced', 'model__l2_regularization': np.float64(0.013858176306932781), 'model__learning_rate': np.float64(0.12156948006610427), 'model__max_iter': 388, 'model__max_leaf_nodes': 15, 'model__min_samples_leaf': 43}",0.7755786264073556,0.7780695363568291,0.7816026821551684,0.7983626204824362,0.7811397511858342,0.7829506433175247,0.008009958904078893,8,0.5820003833277358,0.6072978416492861,0.6129860339205775,0.6318950013266071,0.6065197682773247,0.6081398057003062,0.01596494957018959,9,0.6169665809768637,0.6015557476231633,0.6323777403035413,0.6275197195442594,0.6227544910179641,0.6202348558931583,0.010643854077089631,3,,,43.0,,0.013858176306932781,0.12156948006610427,388.0,15.0,,,,,,
hist_gradient_boosting,11.665563726425171,0.8341567607103927,0.6899288654327392,0.24515413106761738,,,"{'model__class_weight': None, 'model__l2_regularization': np.float64(0.2828581647004317), 'model__learning_rate': np.float64(0.020505820305736194), 'model__max_iter': 243, 'model__max_leaf_nodes': 63, 'model__min_samples_leaf': 29}",0.7939914597373161,0.7878527243168126,0.7867716997551252,0.8077564524569133,0.7998970307726067,0.7952538734077548,0.007825488600851242,2,0.6086454861219733,0.6232916573578583,0.6215793456644704,0.644927601063077,0.643012026901679,0.6282912234218117,0.013780210985520172,3,0.5920925747348119,0.5862745098039216,0.5893536121673004,0.6019230769230769,0.5928777670837344,0.592504308142569,0.005248989879762723,7,,,29.0,,0.2828581647004317,0.020505820305736194,243.0,63.0,,,,,,
hist_gradient_boosting,29.813287782669068,1.567602064890633,1.2180172443389892,0.24049685027252513,,balanced,"{'model__class_weight': 'balanced', 'model__l2_regularization': np.float64(3.540300530852017), 'model__learning_rate': np.float64(0.0287692180629938), 'model__max_iter': 317, 'model__max_leaf_nodes': 63, 'model__min_samples_leaf': 48}",0.7850211482808169,0.7864563306552257,0.7853382038464912,0.8051282051282052,0.7932124710926554,0.7910312718006788,0.007654330193183419,4,0.5963383793046044,0.6195065007738393,0.6249401207677309,0.6468373509857837,0.628336840903634,0.6231918385471185,0.01626854502560724,4,0.6291946308724832,0.6228668941979523,0.6379746835443038,0.6459209419680404,0.6327212020033389,0.6337356705172237,0.007825989494919694,2,,,48.0,,3.540300530852017,0.0287692180629938,317.0,63.0,,,,,,
hist_gradient_boosting,9.612802934646606,0.9816312695553601,0.6840322017669678,0.14536426467997293,,,"{'model__class_weight': None, 'model__l2_regularization': np.float64(0.003554623219982743), 'model__learning_rate': np.float64(0.12988823235865413), 'model__max_iter': 555, 'model__max_leaf_nodes': 15, 'model__min_samples_leaf': 14}",0.779838638954661,0.7731905908701489,0.7737353193154299,0.7929339477726575,0.7835097314359988,0.7806416456697792,0.007255163514011457,12,0.5975163849269648,0.5924261163733799,0.6078155090549192,0.6238760243812324,0.6096095266714789,0.606248712281595,0.010879244054808205,12,0.5799614643545279,0.56318407960199,0.5779036827195467,0.5947521865889213,0.5667627281460135,0.5765128282821999,0.01112853766055607,14,,,14.0,,0.003554623219982743,0.12988823235865413,555.0,15.0,,,,,,
hist_gradient_boosting,23.66848554611206,1.1444120905854298,1.246226930618286,0.15833517609514827,,,"{'model__class_weight': None, 'model__l2_regularization': np.float64(0.07653932871460979), 'model__learning_rate': np.float64(0.037540910048229764), 'model__max_iter': 551, 'model__max_leaf_nodes': 63, 'model__min_samples_leaf': 27}",0.7827275548270024,0.7798791141332577,0.7854073489432606,0.7966762883813574,0.7826724734558835,0.7854725559481524,0.005868389163025476,6,0.5931844764308599,0.6079975241051242,0.6234737591686289,0.6394244168743937,0.6174008263495785,0.616296200585717,0.015431602371269653,6,0.5778648383937316,0.56312625250501,0.5972495088408645,0.5844660194174758,0.5658914728682171,0.5777196184050598,0.012488578710433308,13,,,27.0,,0.07653932871460979,0.037540910048229764,551.0,63.0,,,,,,
hist_gradient_boosting,8.214156007766723,0.6874361031542875,0.6538516044616699,0.14087276265419105,,,"{'model__class_weight': None, 'model__l2_regularization': np.float64(0.0491819166373426), 'model__learning_rate': np.float64(0.10325119951670289), 'model__max_iter': 244, 'model__max_leaf_nodes': 31, 'model__min_samples_leaf': 38}",0.7776310552553646,0.775290240759854,0.7792433165361342,0.7983744366232846,0.7846356408568389,0.7830349380062953,0.00826342719498614,7,0.5838547126040806,0.5963476687351004,0.6062469625880578,0.6305646451450108,0.6091968838165998,0.6052421745777699,0.015455824815255714,13,0.5764023210831721,0.5492537313432836,0.5876591576885406,0.6036644165863067,0.5768863419293219,0.578773193726125,0.0177713997039106,12,,,38.0,,0.0491819166373426,0.10325119951670289,244.0,31.0,,,,,,
hist_gradient_boosting,16.546583080291747,1.314466909969334,0.7326435565948486,0.0963347705651393,,balanced,"{'model__class_weight': 'balanced', 'model__l2_regularization': np.float64(0.04030033646265269), 'model__learning_rate': np.float64(0.0879224299099327), 'model__max_iter': 314, 'model__max_leaf_nodes': 31, 'model__min_samples_leaf': 37}",0.7778705333953952,0.7773376102105384,0.7752076039368857,0.7958795428841512,0.7863776776219171,0.7825345936097776,0.0076851003592924355,9,0.587877328082919,0.6019553881507975,0.6112594473354828,0.6282324242664379,0.6131553727036296,0.6084959921078534,0.013317522840062964,7,0.6106194690265486,0.5881294964028777,0.6153846153846154,0.6134751773049646,0.6241379310344828,0.6103493378306979,0.011992035014490064,4,,,37.0,,0.04030033646265269,0.0879224299099327,314.0,31.0,,,,,,
hist_gradient_boosting,17.35406050682068,0.9057553707674875,0.4411483287811279,0.1491440528119137,,balanced,"{'model__class_weight': 'balanced', 'model__l2_regularization': np.float64(0.008804152366867287), 'model__learning_rate': np.float64(0.10950785921889115), 'model__max_iter': 230, 'model__max_leaf_nodes': 63, 'model__min_samples_leaf': 26}",0.7748854889738868,0.7776175635291656,0.7756309068463765,0.7923667730119344,0.7864114380243412,0.7813824340771408,0.006861649859025317,10,0.5860095788496577,0.6027367389434092,0.6074549438643058,0.6230805025866257,0.6202126110718519,0.6078988750631701,0.013327384752483195,10,0.5912408759124088,0.5808219178082191,0.6016559337626495,0.603290676416819,0.5996376811594203,0.5953294170119033,0.0083564502863568,6,,,26.0,,0.008804152366867287,0.10950785921889115,230.0,63.0,,,,,,
hist_gradient_boosting,11.252342224121094,0.9289670594697376,1.0608766555786133,0.20883883753332244,,,"{'model__class_weight': None, 'model__l2_regularization': np.float64(1.155376945529338), 'model__learning_rate': np.float64(0.13520675584534458), 'model__max_iter': 597, 'model__max_leaf_nodes': 31, 'model__min_samples_leaf': 45}",0.7709307267318317,0.767873164282004,0.7750170333043261,0.7937762698131362,0.7779983457402813,0.7771191079743158,0.009015945370904768,14,0.5805136398646129,0.5878134375968527,0.6114553528039826,0.6330266933188438,0.5963707368223751,0.6018359720813333,0.018689760286144726,14,0.5589941972920697,0.54,0.5854126679462572,0.593320235756385,0.5598455598455598,0.5675145321680544,0.019363555073037456,15,,,45.0,,1.155376945529338,0.13520675584534458,597.0,31.0,,,,,,
hist_gradient_boosting,11.692890405654907,2.2234025237214268,0.193878698348999,0.020797264583553177,,balanced,"{'model__class_weight': 'balanced', 'model__l2_regularization': np.float64(0.014333509085102681), 'model__learning_rate': np.float64(0.03922578230025712), 'model__max_iter': 434, 'model__max_leaf_nodes': 15, 'model__min_samples_leaf': 46}",0.7903857959106577,0.7916101700632088,0.793930746969421,0.8114768488040378,0.8027852331999797,0.7980377589894609,0.007998520269659939,1,0.6009791345095701,0.6271212230488179,0.6362446332073012,0.6571414978972877,0.6382824403236886,0.631953785797333,0.01830664778465269,1,0.6445344129554655,0.6420966420966421,0.6441767068273092,0.6606851549755302,0.6452648475120385,0.6473515528733971,0.006749359914663747,1,,,46.0,,0.014333509085102681,0.03922578230025712,434.0,15.0,,,,,,
xgboost,12.458475017547608,0.15295530911486477,0.24241304397583008,0.0376139582243637,,,"{'model__colsample_bytree': np.float64(0.8383734311001299), 'model__learning_rate': np.float64(0.037863782858246285), 'model__max_depth': 4, 'model__min_child_weight': 3, 'model__n_estimators': 727, 'model__reg_alpha': np.float64(0.0017589889655995118), 'model__reg_lambda': np.float64(4.6088569953579235), 'model__scale_pos_weight': 1.0, 'model__subsample': np.float64(0.7696355972721561)}",0.7925782014179804,0.7929644020804241,0.7936997011582647,0.8061629614625007,0.7999949359396364,0.7970800404117613,0.005284463973222242,8,0.6043674788805253,0.631137547588387,0.6355374426196125,0.6354036008349583,0.6438588833756996,0.6300609906598365,0.013492459933781759,8,0.5969289827255279,0.5945945945945946,0.6075216972034716,0.5907335907335908,0.596116504854369,0.5971790740223107,0.005592588701099504,13,4.0,,,727.0,,0.037863782858246285,,,0.8383734311001299,3.0,0.0017589889655995118,4.6088569953579235,1.0,0.7696355972721561
xgboost,5.683724212646484,0.1467887952406644,0.2959265232086182,0.05193615931213642,,,"{'model__colsample_bytree': np.float64(0.7415454645956316), 'model__learning_rate': np.float64(0.05709546930704719), 'model__max_depth': 4, 'model__min_child_weight': 6, 'model__n_estimators': 316, 'model__reg_alpha': np.float64(0.00010233604916508898), 'model__reg_lambda': np.float64(0.12489378527169981), 'model__scale_pos_weight': 1.9882783882783883, 'model__subsample': np.float64(0.7136196478150851)}",0.7962108486970366,0.7932730253172242,0.7945294423194975,0.8084924292297564,0.8035448422545196,0.7992101175636069,0.005849864046803087,4,0.6142163123849755,0.6398944275752511,0.6343604043357486,0.6410037679988323,0.64850162423072,0.6355953073051055,0.011600804350525325,3,0.6412955465587045,0.632436837815811,0.6513105639396346,0.669374492282697,0.652931854199683,0.649469858959306,0.01239767095953932,2,4.0,,,316.0,,0.05709546930704719,,,0.7415454645956316,6.0,0.00010233604916508898,0.12489378527169981,1.9882783882783883,0.7136196478150851
xgboost,6.452986574172973,0.2838444332585128,0.23365426063537598,0.02660758549114778,,,"{'model__colsample_bytree': np.float64(0.6567156341706784), 'model__learning_rate': np.float64(0.11050953347262757), 'model__max_depth': 5, 'model__min_child_weight': 7, 'model__n_estimators': 253, 'model__reg_alpha': np.float64(0.023984048764568618), 'model__reg_lambda': np.float64(7.240589211440118), 'model__scale_pos_weight': 1.0, 'model__subsample': np.float64(0.7965918469366637)}",0.7861055457740539,0.7823093113148362,0.7884345550091405,0.8002160665755136,0.7952262790972467,0.7904583515541582,0.006440429534295856,11,0.5939616198902944,0.6159402172690291,0.6285744259543397,0.6270157600021997,0.6221970217168976,0.6175378089665522,0.01258360619547262,12,0.5889101338432122,0.5875598086124402,0.6148007590132827,0.5959498553519769,0.5903846153846154,0.5955210344411055,0.01005345304944248,14,5.0,,,253.0,,0.11050953347262757,,,0.6567156341706784,7.0,0.023984048764568618,7.240589211440118,1.0,0.7965918469366637
xgboost,5.520432376861573,0.40606700979611665,0.1642430305480957,0.04221744352185171,,,"{'model__colsample_bytree': np.float64(0.711701974655135), 'model__learning_rate': np.float64(0.03496057333840413), 'model__max_depth': 3, 'model__min_child_weight': 1, 'model__n_estimators': 438, 'model__reg_alpha': np.float64(0.001071418410879619), 'model__reg_lambda': np.float64(1.7048386009349077), 'model__scale_pos_weight': 1.0, 'model__subsample': np.float64(0.8494985044450786)}",0.8029314148098678,0.8005922867801321,0.7994758464371724,0.8154285039077667,0.8108337131378605,0.8058523530145599,0.006218948906770939,1,0.6248040455458148,0.6410524010028482,0.6454932551832688,0.6445907761736543,0.6596264075393721,0.6431133770889916,0.011135582126137808,1,0.6147934678194045,0.6023391812865497,0.6118980169971672,0.609450337512054,0.6111111111111112,0.6099184229452573,0.00416584609149543,7,3.0,,,438.0,,0.03496057333840413,,,0.711701974655135,1.0,0.001071418410879619,1.7048386009349077,1.0,0.8494985044450786
xgboost,9.8532546043396,0.13945176579662333,0.19319257736206055,0.031592853321955196,,,"{'model__colsample_bytree': np.float64(0.6537965030707688), 'model__learning_rate': np.float64(0.03054716299821886), 'model__max_depth': 4, 'model__min_child_weight': 4, 'model__n_estimators': 697, 'model__reg_alpha': np.float64(0.3540300530852019), 'model__reg_lambda': np.float64(0.2308490958299869), 'model__scale_pos_weight': 1.9882783882783883, 'model__subsample': np.float64(0.9982174662348076)}",0.7939948326688658,0.7895796652702731,0.794920702379266,0.8087734845799361,0.802896642527979,0.798033065485264,0.006876991894097917,6,0.6073342330953326,0.6164476624383364,0.6399767104614068,0.6417686399421911,0.6451714415888018,0.6301397375052138,0.015267701120419417,7,0.6442845723421263,0.6401299756295694,0.6436041834271923,0.6644844517184942,0.6571428571428571,0.6499292080520479,0.009292843012420523,1,4.0,,,697.0,,0.03054716299821886,,,0.6537965030707688,4.0,0.3540300530852019,0.2308490958299869,1.9882783882783883,0.9982174662348076
xgboost,5.409053468704224,0.295393937587544,0.1506061553955078,0.024361000731935423,,,"{'model__colsample_bytree': np.float64(0.9091842943357968), 'model__learning_rate': np.float64(0.09664438055065681), 'model__max_depth': 2, 'model__min_child_weight': 4, 'model__n_estimators': 605, 'model__reg_alpha': np.float64(0.012084509334174178), 'model__reg_lambda': np.float64(1.7675043038767095), 'model__scale_pos_weight': 1.0, 'model__subsample': np.float64(0.8033027269733458)}",0.7948380655562977,0.7947638610622036,0.7934332395658362,0.8077547644367921,0.8026518796104049,0.7986883620463069,0.005581253033272389,5,0.6106166772022268,0.6326797829782603,0.6315792463909996,0.6323132747432723,0.6507106862043421,0.6315799335038201,0.01270583544964167,5,0.6118546845124283,0.6003898635477583,0.5973282442748091,0.6023166023166023,0.6040268456375839,0.6031832480578364,0.004873204453412326,10,2.0,,,605.0,,0.09664438055065681,,,0.9091842943357968,4.0,0.012084509334174178,1.7675043038767095,1.0,0.8033027269733458
xgboost,7.879388236999512,0.4013141235296176,0.25882759094238283,0.03906418973726292,,,"{'model__colsample_bytree': np.float64(0.7457161802455713), 'model__learning_rate': np.float64(0.13926022843313585), 'model__max_depth': 3, 'model__min_child_weight': 3, 'model__n_estimators': 638, 'model__reg_alpha': np.float64(0.00018527033464433407), 'model__reg_lambda': np.float64(4.737100270590263), 'model__scale_pos_weight': 1.0, 'model__subsample': np.float64(0.8353840870788276)}",0.777911008573992,0.7778081341617253,0.7822216150945431,0.7969733799226888,0.7851133505511386,0.7840054976608176,0.00704451072770738,13,0.5865366558431053,0.6012671189511274,0.6185002842599189,0.6272327619903829,0.6122901254717106,0.609165389303249,0.014126403989379423,13,0.5681159420289855,0.5894941634241245,0.5986653956148713,0.5728250244379277,0.5842911877394636,0.5826783426490746,0.011079656458974468,15,3.0,,,638.0,,0.13926022843313585,,,0.7457161802455713,3.0,0.00018527033464433407,4.737100270590263,1.0,0.8353840870788276
xgboost,16.78433585166931,0.9758360058444091,0.3506315231323242,0.1537213607032249,,,"{'model__colsample_bytree': np.float64(0.7438241906790214), 'model__learning_rate': np.float64(0.13201748262002597), 'model__max_depth': 5, 'model__min_child_weight': 6, 'model__n_estimators': 564, 'model__reg_alpha': np.float64(0.003506158108144111), 'model__reg_lambda': np.float64(16.056849593555217), 'model__scale_pos_weight': 1.9882783882783883, 'model__subsample': np.float64(0.6869841841164018)}",0.7753644452539479,0.7676943989098685,0.7765576197896641,0.7853074728650765,0.7796627335797842,0.7769173340796682,0.005753868932734902,14,0.5796932305935288,0.6055502901581584,0.6180410621395848,0.6218292097032718,0.5941521248400136,0.6038531834869116,0.015524995671038808,14,0.6187554776511832,0.6046915725456126,0.6168384879725086,0.6171328671328671,0.6128472222222222,0.6140531255048788,0.005068491783861682,6,5.0,,,564.0,,0.13201748262002597,,,0.7438241906790214,6.0,0.003506158108144111,16.056849593555217,1.9882783882783883,0.6869841841164018
xgboost,26.735424041748047,0.4698721221287597,0.3849602222442627,0.08044127994940041,,,"{'model__colsample_bytree': np.float64(0.8992317642874346), 'model__learning_rate': np.float64(0.10140506688400845), 'model__max_depth': 7, 'model__min_child_weight': 6, 'model__n_estimators': 605, 'model__reg_alpha': np.float64(0.0030241608174256963), 'model__reg_lambda': np.float64(0.7512609350197046), 'model__scale_pos_weight': 1.9882783882783883, 'model__subsample': np.float64(0.748240751615043)}",0.766292945850957,0.7654834422790223,0.7678782236793287,0.7940311608514373,0.7742695092925508,0.7735910563906592,0.010676052176045048,15,0.5740177117431287,0.5976340019281546,0.6096408607651105,0.6241038725971001,0.6001830978217543,0.6011159089710496,0.016422103282238826,15,0.6005410279531109,0.5850091407678245,0.6016260162601627,0.6153846153846154,0.5962399283795882,0.5997601457490603,0.009779564197426843,11,7.0,,,605.0,,0.10140506688400845,,,0.8992317642874346,6.0,0.0030241608174256963,0.7512609350197046,1.9882783882783883,0.748240751615043
xgboost,9.634003448486329,0.5223593346791159,0.3059211730957031,0.13739537258504692,,,"{'model__colsample_bytree': np.float64(0.850141325343721), 'model__learning_rate': np.float64(0.08040803349013019), 'model__max_depth': 2, 'model__min_child_weight': 3, 'model__n_estimators': 711, 'model__reg_alpha': np.float64(0.006682263792676088), 'model__reg_lambda': np.float64(0.44038913740561414), 'model__scale_pos_weight': 1.9882783882783883, 'model__subsample': np.float64(0.6933420718057905)}",0.7900485027556851,0.7910890521387759,0.7931448539183346,0.8087523843284212,0.8027666649786465,0.7971602916239726,0.007339880996611567,7,0.6040459462167691,0.6264604325752616,0.6281496947410856,0.6346576398553572,0.6457677786153742,0.6278162984007695,0.013682388409934363,9,0.6401906274821286,0.6353503184713376,0.6443057722308893,0.6666666666666666,0.651270207852194,0.6475567185406431,0.010888565307601211,3,2.0,,,711.0,,0.08040803349013019,,,0.850141325343721,3.0,0.006682263792676088,0.44038913740561414,1.9882783882783883,0.6933420718057905
xgboost,24.303883028030395,0.5564817937074964,0.3783722877502441,0.07228758571688422,,,"{'model__colsample_bytree': np.float64(0.697470453779383), 'model__learning_rate': np.float64(0.02523696876877934), 'model__max_depth': 6, 'model__min_child_weight': 9, 'model__n_estimators': 713, 'model__reg_alpha': np.float64(0.005080563720302197), 'model__reg_lambda': np.float64(0.7974421780770715), 'model__scale_pos_weight': 1.9882783882783883, 'model__subsample': np.float64(0.9414942737354435)}",0.7914819986643191,0.7867784456182245,0.7906809274212587,0.8077294441349742,0.7967674414679022,0.7946876514613358,0.00725671367866528,10,0.606247447224347,0.6182267392662908,0.6259800316365187,0.6417530401114782,0.6315882302898075,0.6247590977056884,0.012018941054272179,10,0.6379453189726595,0.6337448559670782,0.6392092257001647,0.6549413735343383,0.6461038961038961,0.6423889340556274,0.007428876444242337,4,6.0,,,713.0,,0.02523696876877934,,,0.697470453779383,9.0,0.005080563720302197,0.7974421780770715,1.9882783882783883,0.9414942737354435
xgboost,5.33665452003479,0.2905296828364941,0.18720903396606445,0.08351212224333024,,,"{'model__colsample_bytree': np.float64(0.9719531494154353), 'model__learning_rate': np.float64(0.06911254779041598), 'model__max_depth': 3, 'model__min_child_weight': 4, 'model__n_estimators': 301, 'model__reg_alpha': np.float64(0.9519928366099195), 'model__reg_lambda': np.float64(0.47976258311962694), 'model__scale_pos_weight': 1.0, 'model__subsample': np.float64(0.7419763901243623)}",0.7976494040029951,0.7989277450603417,0.7938363048860286,0.8107661923330125,0.8075471379618844,0.8017453568488524,0.006360896254030622,2,0.6172261517300055,0.6404193047483635,0.6386081126235147,0.6418943655149064,0.6552607822930429,0.6386817433819666,0.012235623615576964,2,0.6122840690978887,0.611764705882353,0.6078799249530957,0.6061776061776062,0.6074498567335244,0.6091112325688937,0.0024490922473314634,8,3.0,,,301.0,,0.06911254779041598,,,0.9719531494154353,4.0,0.9519928366099195,0.47976258311962694,1.0,0.7419763901243623
xgboost,10.461494731903077,0.45995138320258344,0.18731541633605958,0.03693721345691435,,,"{'model__colsample_bytree': np.float64(0.8066293298574888), 'model__learning_rate': np.float64(0.06854160228422101), 'model__max_depth': 4, 'model__min_child_weight': 4, 'model__n_estimators': 479, 'model__reg_alpha': np.float64(0.07972167883857956), 'model__reg_lambda': np.float64(15.446922278770543), 'model__scale_pos_weight': 1.0, 'model__subsample': np.float64(0.6823702887283684)}",0.7911329002489224,0.7893148901436194,0.7922931887020286,0.8047281443594808,0.8012119984470215,0.7957362243802144,0.006084691408137482,9,0.6160085606054588,0.6381644227411603,0.6390797344745646,0.6279751342196399,0.6353077359382132,0.6313071175958074,0.008585908377428876,6,0.6066985645933014,0.584070796460177,0.6107445805843544,0.5910852713178295,0.600956937799043,0.5987112301509411,0.009860423761341705,12,4.0,,,479.0,,0.06854160228422101,,,0.8066293298574888,4.0,0.07972167883857956,15.446922278770543,1.0,0.6823702887283684
xgboost,10.515656089782714,0.3863224488349572,0.15221705436706542,0.04756402128220658,,,"{'model__colsample_bytree': np.float64(0.8473045573699737), 'model__learning_rate': np.float64(0.08522472063295114), 'model__max_depth': 5, 'model__min_child_weight': 9, 'model__n_estimators': 394, 'model__reg_alpha': np.float64(0.0003139518173111889), 'model__reg_lambda': np.float64(7.437498690139191), 'model__scale_pos_weight': 1.9882783882783883, 'model__subsample': np.float64(0.8528933779205439)}",0.7865170434231206,0.7823244895068099,0.7811878115745519,0.798362620482436,0.7902297395384952,0.7877243409050827,0.006209544149138622,12,0.5992618193558408,0.6163817397739284,0.6232181661155609,0.6313063287133428,0.6278651324890921,0.619606637289553,0.01133525688792255,11,0.6217354675652906,0.6223717409587889,0.6333059885151764,0.6381192275398825,0.6328059950041632,0.6296676839166604,0.006491004334279934,5,5.0,,,394.0,,0.08522472063295114,,,0.8473045573699737,9.0,0.0003139518173111889,7.437498690139191,1.9882783882783883,0.8528933779205439
xgboost,10.887204504013061,0.5432982729809538,0.04958124160766601,0.01010681562093654,,,"{'model__colsample_bytree': np.float64(0.9904397973775677), 'model__learning_rate': np.float64(0.02019129387499179), 'model__max_depth': 7, 'model__min_child_weight': 4, 'model__n_estimators': 251, 'model__reg_alpha': np.float64(0.018321116507950812), 'model__reg_lambda': np.float64(0.24658175367271448), 'model__scale_pos_weight': 1.0, 'model__subsample': np.float64(0.8699256691268421)}",0.7972615168747765,0.7991891472554457,0.7920688887539716,0.8093398153305988,0.8051957259330531,0.8006110188295693,0.006056736677915131,3,0.6127583836123655,0.6390530049403229,0.6267581980224904,0.6491261191363712,0.6414012352276657,0.6338193881878432,0.012748313468512568,4,0.5957854406130269,0.6077669902912621,0.6062322946175638,0.6028985507246377,0.6116970278044104,0.6048760608101802,0.005352987125868526,9,7.0,,,251.0,,0.02019129387499179,,,0.9904397973775677,4.0,0.018321116507950812,0.24658175367271448,1.0,0.8699256691268421
