threshold,accuracy,precision,recall,f1,roc_auc,pr_auc
0.05,0.40561412110811473,0.35953864510141853,0.9934065934065934,0.5279859826730264,0.806040446902643,0.640498971308562
0.055,0.42167197842608484,0.36563936198972696,0.9908424908424909,0.5341627172195893,0.806040446902643,0.640498971308562
0.06,0.4356459916646237,0.37107870115575126,0.987912087912088,0.539507901580316,0.806040446902643,0.640498971308562
0.065,0.4465555283157637,0.37540136814184,0.984981684981685,0.5436166986758314,0.806040446902643,0.640498971308562
0.07,0.45832311841137535,0.3803315856596287,0.9831501831501831,0.5484826811075917,0.806040446902643,0.640498971308562
0.075,0.46996812944349103,0.38505912892991057,0.978021978021978,0.5525662251655629,0.806040446902643,0.640498971308562
0.08,0.48222603579308654,0.39043707832208857,0.9750915750915751,0.5576036866359447,0.806040446902643,0.640498971308562
0.08499999999999999,0.4958323118411375,0.396683101748095,0.9725274725274725,0.5635148042024832,0.806040446902643,0.640498971308562
0.09,0.505393478793822,0.40103139693614437,0.9684981684981685,0.567199399334978,0.806040446902643,0.640498971308562
0.095,0.5174062270164256,0.40668006803773,0.9633699633699634,0.5719256279221485,0.806040446902643,0.640498971308562
0.09999999999999999,0.5279480264770777,0.41185721025318445,0.9593406593406594,0.5763010232148751,0.806040446902643,0.640498971308562
0.105,0.5377543515567541,0.41675995522149367,0.9545787545787546,0.5802070577757987,0.806040446902643,0.640498971308562
0.10999999999999999,0.5496445207158618,0.4231270358306189,0.9516483516483516,0.5857948139797069,0.806040446902643,0.640498971308562
0.11499999999999999,0.5581024760970826,0.4276739957017689,0.9476190476190476,0.5893609750541063,0.806040446902643,0.640498971308562
0.12,0.5671733267957833,0.43272299680833193,0.9435897435897436,0.5933433145226304,0.806040446902643,0.640498971308562
0.12499999999999999,0.5780828634469233,0.4391660970608339,0.9413919413919414,0.5989279888137963,0.806040446902643,0.640498971308562
0.13,0.5859279235106644,0.44380853277835586,0.9373626373626374,0.6024011299435028,0.806040446902643,0.640498971308562
0.135,0.5962245648443246,0.45019427764040976,0.9336996336996337,0.6074833174451859,0.806040446902643,0.640498971308562
0.13999999999999999,0.6039470458445697,0.4550994801935831,0.9300366300366301,0.6111445420628234,0.806040446902643,0.640498971308562
0.145,0.6105663152733513,0.4594005449591281,0.9263736263736264,0.614207650273224,0.806040446902643,0.640498971308562
0.14999999999999997,0.6165726893846531,0.46339220014716703,0.9227106227106228,0.6169483223120255,0.806040446902643,0.640498971308562
0.15499999999999997,0.6229468006864427,0.4677359194330474,0.9186813186813186,0.6198714780029659,0.806040446902643,0.640498971308562
0.15999999999999998,0.6285854376072567,0.4716446124763705,0.9139194139194139,0.6221945137157108,0.806040446902643,0.640498971308562
0.16499999999999998,0.633366021083599,0.47501435956346927,0.9087912087912088,0.6239155035835534,0.806040446902643,0.640498971308562
0.16999999999999998,0.6376562883059573,0.4781092599767532,0.904029304029304,0.6254434870755196,0.806040446902643,0.640498971308562
0.175,0.6426820299092915,0.48188760524769925,0.9014652014652015,0.6280464463442644,0.806040446902643,0.640498971308562
0.18,0.6474626133856337,0.4855101230647082,0.895970695970696,0.629763130792997,0.806040446902643,0.640498971308562
0.185,0.6515077224810002,0.4886750851874123,0.8930402930402931,0.6316880424925508,0.806040446902643,0.640498971308562
0.19,0.6554302525128708,0.491789985809852,0.8886446886446886,0.6331723867936839,0.806040446902643,0.640498971308562
0.195,0.660210835989213,0.4956967213114754,0.886080586080586,0.635742444152431,0.806040446902643,0.640498971308562
0.19999999999999996,0.6649914194655553,0.49968963376784603,0.8846153846153846,0.6386354621182071,0.806040446902643,0.640498971308562
0.20499999999999996,0.668423633243442,0.502613422538156,0.8805860805860806,0.6399574071609211,0.806040446902643,0.640498971308562
0.20999999999999996,0.6723461632753126,0.5060113900021093,0.8787545787545787,0.6422165707401954,0.806040446902643,0.640498971308562
0.21499999999999997,0.6755332189262074,0.5088429575964202,0.8747252747252747,0.6434056311464368,0.806040446902643,0.640498971308562
0.21999999999999997,0.679210590831086,0.5121793489976288,0.8703296703296703,0.6448636178585968,0.806040446902643,0.640498971308562
0.22499999999999998,0.6831331208629566,0.5157917664996733,0.8673992673992674,0.6469061603606064,0.806040446902643,0.640498971308562
0.22999999999999998,0.6869330718313312,0.5193661971830986,0.8644688644688645,0.6488864448721474,0.806040446902643,0.640498971308562
0.235,0.6893846531012503,0.5217198581560284,0.8622710622710623,0.6500966583816625,0.806040446902643,0.640498971308562
0.24,0.6919588134346654,0.5242566510172144,0.8589743589743589,0.6511175898931001,0.806040446902643,0.640498971308562
0.245,0.6951458690855602,0.5274452224983058,0.8553113553113553,0.6525080340924968,0.806040446902643,0.640498971308562
0.24999999999999994,0.6969845550379995,0.5293983591613491,0.8509157509157509,0.6527114357965721,0.806040446902643,0.640498971308562
0.25499999999999995,0.7000490316253983,0.532566168009206,0.8476190476190476,0.6541342756183746,0.806040446902643,0.640498971308562
0.25999999999999995,0.7020102966413336,0.5347755291928356,0.8421245421245421,0.6541471048513302,0.806040446902643,0.640498971308562
0.26499999999999996,0.7039715616572689,0.5369805118572435,0.8377289377289378,0.6544570038632136,0.806040446902643,0.640498971308562
0.26999999999999996,0.7043392988477568,0.5375886524822695,0.832967032967033,0.653448275862069,0.806040446902643,0.640498971308562
0.27499999999999997,0.706423142927188,0.5399284862932062,0.8296703296703297,0.6541516245487364,0.806040446902643,0.640498971308562
0.27999999999999997,0.7082618288796274,0.5420673076923077,0.826007326007326,0.6545718432510885,0.806040446902643,0.640498971308562
0.285,0.7108359892130424,0.5450570803983483,0.8219780219780219,0.6554695487074631,0.806040446902643,0.640498971308562
0.29,0.7127972542289777,0.5474148493016417,0.8183150183150183,0.6559976508589047,0.806040446902643,0.640498971308562
0.295,0.7140230448639372,0.5490972050457581,0.8131868131868132,0.6555440720507899,0.806040446902643,0.640498971308562
0.3,0.7153714145623927,0.551051051051051,0.8065934065934066,0.6547725245316681,0.806040446902643,0.640498971308562
0.30499999999999994,0.7161068889433685,0.5521936459909228,0.8021978021978022,0.6541218637992832,0.806040446902643,0.640498971308562
0.30999999999999994,0.7183133120862957,0.5550178298522669,0.7981684981684982,0.6547475961538461,0.806040446902643,0.640498971308562
0.31499999999999995,0.7205197352292229,0.5577812018489985,0.7956043956043956,0.6557971014492754,0.806040446902643,0.640498971308562
0.31999999999999995,0.7223584211816622,0.5602800103707545,0.7915750915750915,0.6561408835585244,0.806040446902643,0.640498971308562
0.32499999999999996,0.7234616327531258,0.5620418848167539,0.7864468864468864,0.6555725190839695,0.806040446902643,0.640498971308562
0.32999999999999996,0.7243196861975975,0.5635067335621864,0.7816849816849817,0.6549025625287709,0.806040446902643,0.640498971308562
0.33499999999999996,0.7261583721500368,0.5661333333333334,0.7776556776556777,0.6552469135802469,0.806040446902643,0.640498971308562
0.33999999999999997,0.7270164255945084,0.5678446182897221,0.7710622710622711,0.654031381078142,0.806040446902643,0.640498971308562
0.3449999999999999,0.7267712674675165,0.5682375374557341,0.764102564102564,0.6517731604436807,0.806040446902643,0.640498971308562
0.3499999999999999,0.7283647952929639,0.5707599118942731,0.7593406593406593,0.6516818610499843,0.806040446902643,0.640498971308562
0.3549999999999999,0.7302034812454032,0.5736153632062343,0.7549450549450549,0.6519057409457536,0.806040446902643,0.640498971308562
0.35999999999999993,0.7324099043883304,0.57689063817824,0.7516483516483516,0.6527755686336886,0.806040446902643,0.640498971308562
0.36499999999999994,0.7336356950232901,0.5793221304471661,0.7450549450549451,0.6518186188110879,0.806040446902643,0.640498971308562
0.36999999999999994,0.7349840647217455,0.5818915801614764,0.7391941391941392,0.6511777992900936,0.806040446902643,0.640498971308562
0.37499999999999994,0.7359646972297131,0.583916083916084,0.734065934065934,0.6504381694255112,0.806040446902643,0.640498971308562
0.37999999999999995,0.7375582250551606,0.5868987902035999,0.7285714285714285,0.6501062265075993,0.806040446902643,0.640498971308562
0.38499999999999995,0.7380485413091444,0.5885338907136458,0.721978021978022,0.6484619180786314,0.806040446902643,0.640498971308562
0.38999999999999996,0.739151752880608,0.5911568746214415,0.715018315018315,0.6472148541114059,0.806040446902643,0.640498971308562
0.39499999999999996,0.7413581760235352,0.594859241126071,0.7120879120879121,0.648216072024008,0.806040446902643,0.640498971308562
0.3999999999999999,0.7425839666584947,0.5976441413515189,0.7062271062271063,0.6474143720617864,0.806040446902643,0.640498971308562
0.4049999999999999,0.744667810737926,0.6016336789192586,0.7014652014652014,0.6477253509216979,0.806040446902643,0.640498971308562
0.4099999999999999,0.7450355479284139,0.6031746031746031,0.6959706959706959,0.6462585034013606,0.806040446902643,0.640498971308562
0.4149999999999999,0.7458936013728855,0.6053222186598268,0.6915750915750916,0.645580441101043,0.806040446902643,0.640498971308562
0.41999999999999993,0.7466290757538613,0.6075251378527409,0.6860805860805861,0.644417684500258,0.806040446902643,0.640498971308562
0.42499999999999993,0.7479774454523167,0.6106369008535785,0.6813186813186813,0.6440443213296398,0.806040446902643,0.640498971308562
0.42999999999999994,0.750061289531748,0.6148222000664673,0.6776556776556777,0.6447116222338386,0.806040446902643,0.640498971308562
0.43499999999999994,0.7494483942142682,0.6155660377358491,0.6692307692307692,0.6412776412776413,0.806040446902643,0.640498971308562
0.43999999999999995,0.7512870801667075,0.6202401372212692,0.6622710622710622,0.6405668733392382,0.806040446902643,0.640498971308562
0.44499999999999995,0.7512870801667075,0.6215747485258412,0.6564102564102564,0.6385177267058614,0.806040446902643,0.640498971308562
0.4499999999999999,0.7523902917381711,0.625,0.6501831501831502,0.6373429084380611,0.806040446902643,0.640498971308562
0.4549999999999999,0.7520225545476833,0.6260249554367201,0.6432234432234433,0.6345076784101175,0.806040446902643,0.640498971308562
0.4599999999999999,0.752880607992155,0.6292541636495294,0.6366300366300366,0.6329206117989803,0.806040446902643,0.640498971308562
0.4649999999999999,0.7532483451826428,0.6318499448326591,0.6293040293040293,0.6305744173242797,0.806040446902643,0.640498971308562
0.4699999999999999,0.7532483451826428,0.6340186915887851,0.6212454212454213,0.6275670675300647,0.806040446902643,0.640498971308562
0.4749999999999999,0.7538612405001226,0.636535552193646,0.6164835164835165,0.6263490882024563,0.806040446902643,0.640498971308562
0.4799999999999999,0.7545967148810984,0.6398923904688701,0.6098901098901099,0.6245311327831958,0.806040446902643,0.640498971308562
0.48499999999999993,0.7539838195636185,0.6408258667705493,0.6025641025641025,0.6211062865773079,0.806040446902643,0.640498971308562
0.48999999999999994,0.7537386614366266,0.6423213580734307,0.595970695970696,0.6182785483564507,0.806040446902643,0.640498971308562
0.49499999999999994,0.7545967148810984,0.6464199517296862,0.5886446886446887,0.616180981595092,0.806040446902643,0.640498971308562
0.49999999999999994,0.7531257661191468,0.6455284552845528,0.5816849816849817,0.6119460500963391,0.806040446902643,0.640498971308562
0.5049999999999999,0.7531257661191468,0.648301574150787,0.5732600732600732,0.6084758942457231,0.806040446902643,0.640498971308562
0.5099999999999999,0.7531257661191468,0.6508003369839933,0.5659340659340659,0.6054075235109718,0.806040446902643,0.640498971308562
0.5149999999999999,0.7532483451826428,0.6537966537966537,0.5582417582417583,0.6022525192649674,0.806040446902643,0.640498971308562
0.5199999999999999,0.7531257661191468,0.6563318777292576,0.5505494505494506,0.598804780876494,0.806040446902643,0.640498971308562
0.5249999999999999,0.7518999754841873,0.6567495559502664,0.5417582417582417,0.5937374548374147,0.806040446902643,0.640498971308562
0.5299999999999999,0.7516548173571954,0.659132007233273,0.5340659340659341,0.5900445163901255,0.806040446902643,0.640498971308562
0.5349999999999999,0.7505516057857318,0.6600644864117918,0.5249084249084249,0.5847786166088553,0.806040446902643,0.640498971308562
0.5399999999999999,0.7505516057857318,0.6632221700328793,0.5172161172161173,0.5811895451739041,0.806040446902643,0.640498971308562
0.5449999999999999,0.750061289531748,0.666345690900337,0.5069597069597069,0.575826919076347,0.806040446902643,0.640498971308562
0.5499999999999999,0.7489580779602844,0.6681459566074951,0.49633699633699635,0.569567044976881,0.806040446902643,0.640498971308562
0.5549999999999999,0.7489580779602844,0.6720484359233098,0.4879120879120879,0.565365025466893,0.806040446902643,0.640498971308562
0.5599999999999999,0.7485903407697965,0.6747297992794647,0.48021978021978023,0.5610956558955703,0.806040446902643,0.640498971308562
0.565,0.7476097082618289,0.6763005780346821,0.4714285714285714,0.5555795380962659,0.806040446902643,0.640498971308562
0.57,0.7466290757538613,0.677938808373591,0.46263736263736266,0.549967341606793,0.806040446902643,0.640498971308562
0.575,0.7465064966903653,0.6826710816777042,0.4531135531135531,0.5446939674152356,0.806040446902643,0.640498971308562
0.58,0.7450355479284139,0.6832018038331454,0.44395604395604393,0.5381882770870338,0.806040446902643,0.640498971308562
0.585,0.7440549154204462,0.6855491329479769,0.43443223443223444,0.5318385650224215,0.806040446902643,0.640498971308562
0.59,0.7428291247854867,0.6876484560570071,0.42417582417582417,0.5246941549614862,0.806040446902643,0.640498971308562
0.595,0.7405001225790635,0.6879215205395462,0.41098901098901097,0.5145608805319881,0.806040446902643,0.640498971308562
0.6,0.7382936994361363,0.6881720430107527,0.39853479853479856,0.504755277197866,0.806040446902643,0.640498971308562
0.605,0.7380485413091444,0.6941715782580222,0.3882783882783883,0.4980032887009631,0.806040446902643,0.640498971308562
0.61,0.7367001716106889,0.6976902173913043,0.3761904761904762,0.4888148500713946,0.806040446902643,0.640498971308562
0.615,0.7358421181662173,0.7034677990092003,0.3641025641025641,0.4798455225681873,0.806040446902643,0.640498971308562
0.62,0.7329002206423143,0.7030213706705969,0.34945054945054943,0.46684609738194277,0.806040446902643,0.640498971308562
0.625,0.7302034812454032,0.7039321511179646,0.3344322344322344,0.45343928482741497,0.806040446902643,0.640498971308562
0.63,0.7278744790389802,0.7036741214057508,0.32271062271062273,0.44249121044701156,0.806040446902643,0.640498971308562
0.635,0.725545476832557,0.7057837384744342,0.30842490842490844,0.42926331888860564,0.806040446902643,0.640498971308562
0.6399999999999999,0.7224810002451582,0.7029616724738676,0.2956043956043956,0.4161939143888602,0.806040446902643,0.640498971308562
0.6449999999999999,0.720151998038735,0.7033666969972703,0.28315018315018314,0.4037607730477932,0.806040446902643,0.640498971308562
0.6499999999999999,0.717455258641824,0.7045235803657363,0.2681318681318681,0.38843194481294774,0.806040446902643,0.640498971308562
0.6549999999999999,0.7169649423878401,0.7115577889447237,0.25934065934065936,0.3801342281879195,0.806040446902643,0.640498971308562
0.6599999999999999,0.7162294680068644,0.7191129883843717,0.24945054945054945,0.3704106608648355,0.806040446902643,0.640498971308562
0.6649999999999999,0.7140230448639372,0.7208008898776418,0.23736263736263735,0.3571231744282171,0.806040446902643,0.640498971308562
0.6699999999999999,0.7134101495464574,0.727906976744186,0.2293040293040293,0.34874651810584956,0.806040446902643,0.640498971308562
0.6749999999999999,0.711939200784506,0.7305825242718447,0.2205128205128205,0.33877321328081034,0.806040446902643,0.640498971308562
0.6799999999999999,0.7101005148320667,0.7295597484276729,0.21245421245421245,0.32907801418439714,0.806040446902643,0.640498971308562
0.6849999999999999,0.7069134591811719,0.7250996015936255,0.2,0.31352282515073215,0.806040446902643,0.640498971308562
0.69,0.7054425104192203,0.7261410788381742,0.19230769230769232,0.3040834057341442,0.806040446902643,0.640498971308562
0.695,0.7043392988477568,0.7345132743362832,0.1824175824175824,0.29225352112676056,0.806040446902643,0.640498971308562
0.7,0.7039715616572689,0.7441860465116279,0.17582417582417584,0.28444444444444444,0.806040446902643,0.640498971308562
0.705,0.7018877175778377,0.7442622950819672,0.1663003663003663,0.2718562874251497,0.806040446902643,0.640498971308562
0.71,0.7005393478793822,0.7504363001745201,0.1575091575091575,0.2603693611867999,0.806040446902643,0.640498971308562
0.715,0.6980877666094631,0.7504690431519699,0.14652014652014653,0.2451731535396874,0.806040446902643,0.640498971308562
0.72,0.6969845550379995,0.7569721115537849,0.1391941391941392,0.23514851485148514,0.806040446902643,0.640498971308562
0.725,0.6952684481490562,0.7563025210084033,0.13186813186813187,0.22457891453524642,0.806040446902643,0.640498971308562
0.73,0.6935523412601128,0.7613636363636364,0.1227106227106227,0.2113564668769716,0.806040446902643,0.640498971308562
0.735,0.692816866879137,0.7654028436018957,0.11831501831501831,0.2049492385786802,0.806040446902643,0.640498971308562
0.74,0.6911007599901937,0.7651515151515151,0.11098901098901098,0.19385796545105566,0.806040446902643,0.640498971308562
0.7449999999999999,0.6887717577837705,0.7630853994490359,0.10146520146520147,0.17911412867765922,0.806040446902643,0.640498971308562
0.7499999999999999,0.6873008090218191,0.7671641791044777,0.09413919413919414,0.16769983686786297,0.806040446902643,0.640498971308562
0.7549999999999999,0.6861975974503555,0.7741935483870968,0.08791208791208792,0.15789473684210525,0.806040446902643,0.640498971308562
0.7599999999999999,0.6842363324344202,0.7711267605633803,0.08021978021978023,0.1453218314532183,0.806040446902643,0.640498971308562
0.7649999999999999,0.6828879627359647,0.782608695652174,0.07252747252747253,0.13275226282266175,0.806040446902643,0.640498971308562
0.7699999999999999,0.6812944349105173,0.7801724137931034,0.0663003663003663,0.12221471978392978,0.806040446902643,0.640498971308562
0.7749999999999999,0.6795783280215739,0.7735849056603774,0.060073260073260075,0.1114887831407206,0.806040446902643,0.640498971308562
0.7799999999999999,0.6777396420691346,0.7671957671957672,0.05311355311355311,0.09934909215484755,0.806040446902643,0.640498971308562
0.7849999999999999,0.6756557979897033,0.7658227848101266,0.044322344322344324,0.08379501385041552,0.806040446902643,0.640498971308562
0.7899999999999999,0.6743074282912479,0.7588652482269503,0.039194139194139194,0.07453848833159178,0.806040446902643,0.640498971308562
0.7949999999999999,0.6732042167197843,0.7580645161290323,0.034432234432234435,0.06587245970567625,0.806040446902643,0.640498971308562
0.7999999999999999,0.6718558470213287,0.7523809523809524,0.02893772893772894,0.05573192239858907,0.806040446902643,0.640498971308562
0.8049999999999999,0.6707526354498652,0.7558139534883721,0.023809523809523808,0.04616477272727273,0.806040446902643,0.640498971308562
0.8099999999999999,0.6696494238784015,0.7692307692307693,0.018315018315018316,0.03577817531305903,0.806040446902643,0.640498971308562
0.815,0.6680558960529541,0.7291666666666666,0.01282051282051282,0.0251979841612671,0.806040446902643,0.640498971308562
0.82,0.6669526844814906,0.6756756756756757,0.009157509157509158,0.018070112034694615,0.806040446902643,0.640498971308562
0.825,0.6662172101005148,0.6296296296296297,0.0062271062271062275,0.012332245194051506,0.806040446902643,0.640498971308562
0.83,0.6659720519735229,0.6190476190476191,0.004761904761904762,0.009451108687749909,0.806040446902643,0.640498971308562
0.835,0.6656043147830351,0.5625,0.0032967032967032967,0.0065549890750182084,0.806040446902643,0.640498971308562
0.84,0.6656043147830351,0.5714285714285714,0.0029304029304029304,0.0058309037900874635,0.806040446902643,0.640498971308562
0.845,0.6654817357195391,0.5454545454545454,0.002197802197802198,0.004377964246625319,0.806040446902643,0.640498971308562
0.8499999999999999,0.6654817357195391,0.5714285714285714,0.0014652014652014652,0.0029229082937522835,0.806040446902643,0.640498971308562
0.8549999999999999,0.6654817357195391,0.6,0.001098901098901099,0.0021937842778793418,0.806040446902643,0.640498971308562
0.8599999999999999,0.6654817357195391,0.6,0.001098901098901099,0.0021937842778793418,0.806040446902643,0.640498971308562
0.8649999999999999,0.6654817357195391,0.6,0.001098901098901099,0.0021937842778793418,0.806040446902643,0.640498971308562
0.8699999999999999,0.6654817357195391,0.6,0.001098901098901099,0.0021937842778793418,0.806040446902643,0.640498971308562
0.8749999999999999,0.6653591566560432,0.5,0.0007326007326007326,0.001463057790782736,0.806040446902643,0.640498971308562
0.8799999999999999,0.6652365775925472,0.3333333333333333,0.0003663003663003663,0.0007317965605561653,0.806040446902643,0.640498971308562
0.8849999999999999,0.6652365775925472,0.3333333333333333,0.0003663003663003663,0.0007317965605561653,0.806040446902643,0.640498971308562
0.8899999999999999,0.6652365775925472,0.3333333333333333,0.0003663003663003663,0.0007317965605561653,0.806040446902643,0.640498971308562
0.8949999999999999,0.6652365775925472,0.3333333333333333,0.0003663003663003663,0.0007317965605561653,0.806040446902643,0.640498971308562
0.8999999999999999,0.6653591566560432,0.5,0.0003663003663003663,0.0007320644216691069,0.806040446902643,0.640498971308562
0.9049999999999999,0.6652365775925472,0.0,0.0,0.0,0.806040446902643,0.640498971308562
0.9099999999999999,0.6653591566560432,0.0,0.0,0.0,0.806040446902643,0.640498971308562
0.9149999999999999,0.6653591566560432,0.0,0.0,0.0,0.806040446902643,0.640498971308562
0.9199999999999999,0.6653591566560432,0.0,0.0,0.0,0.806040446902643,0.640498971308562
0.9249999999999999,0.6653591566560432,0.0,0.0,0.0,0.806040446902643,0.640498971308562
0.9299999999999999,0.6653591566560432,0.0,0.0,0.0,0.806040446902643,0.640498971308562
0.9349999999999999,0.6653591566560432,0.0,0.0,0.0,0.806040446902643,0.640498971308562
0.94,0.6653591566560432,0.0,0.0,0.0,0.806040446902643,0.640498971308562
0.945,0.6653591566560432,0.0,0.0,0.0,0.806040446902643,0.640498971308562
0.95,0.6653591566560432,0.0,0.0,0.0,0.806040446902643,0.640498971308562
